MPID,person_id,name_en,name_my
LWMP-02-0001,8c8bb8dd642e437a9d233f2ecaf84560,Shwe Hla Kyaing,ရွှေလှကြိုင်
LWMP-02-0002,f1f69ac146dc4b06b571a7cd993325a9,Yan Lin,ရန်လင်း
LWMP-02-0003,caf74e5ad56e4790a34c6ae5500b779c,Soe Aung Naing,စိုးအောင်နိုင်
LWMP-02-0004,07095818a4454c4d80fe89139ed920ca,Thein Tun,သိန်းထွန်း
LWMP-02-0005,1974aac1cf99466aa596ccf270572365,Tun Lin Maw,ထွန်းလင်းမော်
LWMP-02-0006,adbb49f5a61242e699d557597322cbb5,Than Aung,သန်းအောင်
LWMP-02-0007,81ef45bbfd5e480d9aa0540ffc139707,Aung Min,အောင်မင်း
LWMP-02-0008,8d2848313e574e3bb75930d8124b62d6,Ohn Lwin,အုန်းလွင်
LWMP-02-0009,8308e095315146d29635be46aa519558,Khin Nyo,ဒေါ်ခင်ညို
LWMP-02-0010,02f617cbf1b848aca3ecab2cb6ee4a0b,Tin Hla,တင်လှ
LWMP-02-0011,8b1500697121446aab69fe1c2bea2480,Nyunt Thein,မန်းညွန့်သိန်း
LWMP-02-0012,e97aa282988e43228e662cabfbe09baa,Wai Hlaing Tun,ဝေလှိုင်ထွန်း
LWMP-02-0013,308903e9d3e34752a10e0bda03ebfb5c,Win Htut,ဝင်းထွဋ်
LWMP-02-0014,5638246462044b24a55be1796ba061ec,Min Thaing,မင်းသိုင်း
LWMP-02-0015,c6dfa897d15f41f68260b83ba3c3f10c,Khin Maung Latt,ခင်မောင်လတ်
LWMP-02-0016,0afc2806c88e434084fc194ffc899335,Soe Moe Thu,စိုးမိုးသူ
LWMP-02-0017,14f4e9fc9fb045a1b8f05b778dec6792,Sein Win,စိန်ဝင်း
LWMP-02-0018,f0d9d43f296f4a2ba1ba27788f64451c,Win Swe,ဝင်းဆွေ
LWMP-02-0019,eb13ad212d6b46988bbec1c33fc3efb5,San Shwe Win,စံရွှေဝင်း
LWMP-02-0020,b2575d87d59f4d06a814b9a1a9b9b2b1,Aye Kyu,အေးကြူ
LWMP-02-0021,5429bbe872b646e4acae2a9d1480e76b,Zaw Min Thein,ဇော်မင်းသိန်း
LWMP-02-0022,0e9479a395674983accf4f9339f97b7d,Zaw Thein,ဇော်သိန်း
LWMP-02-0023,97e6f24caf6e456fae17a3df9ff9c6e8,Thein Tun,သိန်းထွန်း
LWMP-02-0024,6908e22f84a745558c2513e6d78015ff,Khin Maung Yee,ခင်မောင်ရီ
LWMP-02-0025,ae64e7101eaa40fdac1db4adfc5dfec8,Aye Win,အေးဝင်း
LWMP-02-0026,f92fa166ae4049a887814ec6537b02c7,Thandar,သန္တာ
LWMP-02-0027,cb44dc55c7064676ba7bfae9026a7835,Myint Ngwe,မြင့်ငွေ
LWMP-02-0028,74a7093da14c476abf145baa41de1b7b,Khin Maung Oo,ခင်မောင်
LWMP-02-0029,826ff0490480451697a7358ea2958e75,Htay Min Thein,ဌေးမင်းသိန်း
LWMP-02-0030,42e4d1919c53436092d440c6b68bed27,Hla Than,လှသန်း
LWMP-02-0031,834b1e12a06b4743b6063a0fc64880d6,Nyan Tun,ဉာဏ်ထွန်း
LWMP-02-0032,b10d6a8d6b6742cbb7d20c2e9c2b226e,Myint Thein,မြင့်သိန်း
LWMP-02-0033,f903d66a32734a19a2dfa3b1765014f3,Khin Maung Than,ခင်မောင်သန်း
LWMP-02-0034,29b6641eb335449ea793c64addd4c53f,Zaw Win,ဇော်ဝင်း
LWMP-02-0035,0929773bf22f407eb8d619abe83e8500,Phone Myint Aung,ဘုန်းမြင့်အောင်
LWMP-02-0036,d469d17ce67648c89ce56449e0f4d4ee,Khin Aye,ခင်အေး
LWMP-02-0037,f907123c310b41ff902e49224e99ac31,Khin Hnin Thit,ခင်နှင်းသစ်
LWMP-02-0038,2d43c0ecf92a4aa8b55cf3bc37b4f4ec,Khin Soe Soe Kyi,ခင်စိုးစိုးကြည်
LWMP-02-0039,3e0d715a19174ddd8faac0c580b217a9,Ni Ni Doon,နီနီဒွန်း
LWMP-02-0040,6bc689a0d1414fc8b2d021b48f82d0e7,Aye Min Aung,အေးမင်းအောင်
LWMP-02-0041,126b1b8844c748b4b5fa027895bea8f1,Shwe Pone,ရွှေပုံ
LWMP-02-0042,16c664c67ed44f7a9aebea17f336eff5,Than Nyunt,သန်းညွန့်
LWMP-02-0043,d115491f2d584acda0f4acb851b34f85,Than Aung Soe,သန်းအောင်စိုး
LWMP-02-0044,dfcc68a9fa824ea4a989d5232c7b4942,Kyaw Myo Min,ကျော်မျိုးမင်း
LWMP-02-0045,7647fb483bb44ad98060b0029b5a4165,Thalay Saw,စောသလေးစော
LWMP-02-0046,de778910d14b462cbbabbab3b269afe0,Mya Khwar Nyo Oo,မြခွာညိုဦး
LWMP-02-0047,81f2e83f79f149dd8d1a265ff54e1de8,Kyi Moe Naing,ကြည်မိုးနိုင်
LWMP-02-0048,19a4fe165e9a4d0f9012b33c3af88907,Kyaw Min,ကျော်မင်း
LWMP-02-0049,9dba71cfe68f4d2a8dbef4df592e5cc1,Tin Htwe,တင်ထွေး
LWMP-02-0050,ba4dedbebe154d5f8253272f042ef0b8,Myint Oo,မြင့်
LWMP-02-0051,a556ae609a774af4b3c08a375e702d1d,Aung Myint,အောင်မြင့်
LWMP-02-0052,85bd57c929c64c53af2b455dbefcd92a,Aung Than,အောင်သန်း
LWMP-02-0053,95bc2ca447c34043b4b03fd8b9d8ac04,Cho Cho,ချိုချို
LWMP-02-0054,422f05a6db884a098174ff32f7bf632a,Zaw Min,ဇော်မင်း
LWMP-02-0055,6a315979fd6747cfb6edb1adf00ef337,San Khin,စံခင်
LWMP-02-0056,59b413fe74534e6fa888aff474405250,Kham Khant Htan,ခမ်ခန့်ထန်
LWMP-02-0057,a657d9b8787b4f8db3351709d51e7c0b,Kyint Shin Htan,ကျင့်ရှင်းထန်
LWMP-02-0058,c1f2fdd8b13a45c5b818ae5712e6b310,Ni Shwe Hlan,နီရွှေလျန်း
LWMP-02-0059,ba9b2a4d448b4a4296c750a81e302592,Sein Aung,စိန်အောင်
LWMP-02-0060,235be33b76614b1689ab00f967d5a13f,Re Yanval,ဆလိုင်းရီယန်းဗဲလ်
LWMP-02-0061,6edb1ef0189743579e50b88ed43b81f4,Nay Lin Aung,နေလင်းအောင်
LWMP-02-0062,914acfc209164bd6bff1db0a711a5697,Par Htan,ပါထန်း
LWMP-02-0063,ff4162fa24f94058b3eeb65f96a85378,Hne Yar Oat,နှီယာအုပ်
LWMP-02-0064,5fe81f786c444575aaba5d8791cc9a57,Zone Taint,ဇုန်းတိန့်
LWMP-02-0065,ef2433be1e39494bbf993f9694bc70be,Armoesi,အာမိုးဆီ
LWMP-02-0066,5e5907cb60594ab2bd7c8ae65568592f,Lone Jon San Mei,လုံဂျုံဆန်မိုင်
LWMP-02-0067,81ee2f02e1f7470289702dd14a165cd6,Larmar Lay,လာမာလေး
LWMP-02-0068,6393e17043c04245955876a237ae5448,Lin Lin Oo,လင်းလင်း
LWMP-02-0069,ea1b125be78c415a811cff5767311f89,G Phone Sarl,ဂျီဖုန်ဆားရ်
LWMP-02-0070,8535fb1c47094269bb14deacb931a37b,Moe Shwe,မိုးရွှေ
LWMP-02-0071,6fb320aa02c54ea2b471bca51179ea67,Tint Soe,တင့်စိုး
LWMP-02-0072,a258bbb8594f48b7baef1f2cf34a42cc,Aung Thein,အောင်သိန်း
LWMP-02-0073,a06f9c11fedd49de8648611d1ce7e383,Chin Pe Lin,ချင်းဖေလင်း
LWMP-02-0074,241372f34b9c4d94bc686ce93940400b,Nang Mon Tin,နန်မွန်တင်
LWMP-02-0075,de64eafe02e64eccb5f34503353b17ab,In Htone Khar Naw Sam,အင်ထုံးခါနော်ဆမ်
LWMP-02-0076,553cb0f1383542cb9338551eb4da1843,Win Naing,ဝင်းနိုင်
LWMP-02-0077,af19ad51866f40359a9b232277bced25,San San Ei,စန်းစန်းအိ
LWMP-02-0078,1247fc87e2c64177902299894773a631,Win Aung,ဝင်းအောင်
LWMP-02-0079,6d07a5df7002469db9e0eb3a6151bab5,Zarni Min,ဇာနည်မင်း
LWMP-02-0080,3c476661ec604c1ab6e13b2c3d3b6b65,Lagan Zel Jone,လဂန်ဇယ်ဂျုံး
LWMP-02-0081,cc161ae1a8614d3ea724bbbe63f73bb2,Lamar Naw Aung,လမာနော်အောင်
LWMP-02-0082,95c6b04aba634134803f524f8a4f35e7,Paw Sai,ပေါလ်ဆိုင်း
LWMP-02-0083,1ed4016081f0441eb107f96808f0ffd0,Pelt Du,ပဲ့ဒူ
LWMP-02-0084,8b9e285b55a64d0ebe974e08a43d5d2d,Htwe Thu,နန်းထွေးသူ
LWMP-02-0085,a84e1ea5f98d46e7b44b9f407e8f429b,Aye Maung,အေးမောင်
LWMP-02-0086,16f913a92940461f9493800147693b83,Than Lin Lin,သန်းလင်းလင်း
LWMP-02-0087,568a0b8865e742e1b66143849b5b052f,Wint War Tun,ဝင့်ဝါထွန်း
LWMP-02-0088,19652179202a400da39f959a272866fc,Khin Si Thu,ခင်စည်သူ
LWMP-02-0089,71d736c4957041bc8af349861a1e4f42,Tin Win,စောတင်ဝင်း
LWMP-02-0090,296090cead514cc681dbd9a79327143b,Soe Htay,စိုးဌေး
LWMP-02-0091,f518b8de2ea04c4183783026b499cead,Tun Mya Aung,ထွန်းမြအောင်
LWMP-02-0092,9d6648a6be8a418bad2db78d009a278a,Than Than Lwin,နန်းသန်းသန်းလွင်
LWMP-02-0093,59c9bf18367c4ab2a1ea248c722eb3f9,Sein Bo,စိန်ဗိုလ်
LWMP-02-0094,188d9c297d664ba3b12d7217c998b10a,Khin Cho,ခင်ချို
LWMP-02-0095,8ee3403014bc422fad5a09d355cc8104,Victor Khalite,စောဗစ်တာခလိုက်
LWMP-02-0096,ce43073bfec84025bb9c40bff357503c,Sein Han,စိန်ဟန်
LWMP-02-0097,2e551997f7c74dd1a80f0abca7a1edba,Bo Gyi,ဘိုကြီး
LWMP-02-0098,f343c75a36924f26895b07531f3e2176,Yin Min Hlaing,ယဥ်မင်းလှိုင်
LWMP-02-0099,c23e53354d004b6586edd62e099252ad,Soe Myint,စိုးမြင့်
LWMP-02-0100,bc0d3408ff0c444996d0764dee02eafb,Kan Oo,ကံ
LWMP-02-0101,208a789fa8674f87b85be676dd4c47e7,Kyaw Aung Lwin,ကျော်အောင်လွင်
LWMP-02-0102,3225a07dbc684bc3aa384d26f1905573,Nay Htet Win,နေထက်ဝင်း
LWMP-02-0103,45e8ae2131a94d05a88c4b1e7095b1ed,Aung Thike,အောင်သိုက်
LWMP-02-0104,edd42c8b648f4fdd9ef8afbedc64a688,Kyaw Tin,ကျော်တင်
LWMP-02-0105,d51da6cb0b9842b4ad33ae04ef0b53c3,Min Thein,မင်းသိန်း
LWMP-02-0106,e0e2578e4da34f15b376100b2bc0298d,Myat Lay Oo,မြတ်လေး
LWMP-02-0107,33eed7bb5b40441886e99d0f1d260ad2,Aung Tin Lin,အောင်တင်လင်း
LWMP-02-0108,33d774ce33c44152838eb17df52e9f67,Pike Ko,ပိုက်ကို
LWMP-02-0109,58f9c8a400e947008c75db18816a3464,Tun Tun,ထွန်းထွန်း
LWMP-02-0110,058e9e1d33ab41799cccd5ef97050844,Ye Tun Win,ရဲထွန်းဝင်း
LWMP-02-0111,d8b320b6bf4146ec9d75f303b45f2f44,Myint Oo,မြင့်
LWMP-02-0112,f9be939c99544309a337d82b0bc07508,Khin Than Nu,ခင်သန်းနု
LWMP-02-0113,eedfd3254f6d48a0be07812540885968,Win Win,ဝင်းဝင်း
LWMP-02-0114,546792f8567845e4bce52e9f9af5e47d,Kyaw Gyi,ကျော်ကြီး
LWMP-02-0115,090fb8f0ebbd4f08bc80f1714ba31d6d,Thar Aung,သာအောင်
LWMP-02-0116,0eba2185d6d045349fcf642aafbe00c9,Aung Khin Win,အောင်ခင်ဝင်း
LWMP-02-0117,253ee8cbbc3e40128e78abd5221c8d2e,Tin Htay Aung,တိုးရွှေ
LWMP-02-0118,fb1428022e54451d9b91035d79321307,Thar Cho,သာချို
LWMP-02-0119,52310131907e4332888d676e2f884dbc,Kan Myint,ကံမြင့်
LWMP-02-0120,653c5aab7dcb435dbad47a3b45ba1ea4,Aung Htoo Myint,အောင်ထူးမြင့်
LWMP-02-0121,524386f7c91c411bb486648405c48da8,Tin Aung,တင်အောင်
LWMP-02-0122,7b4cb8ed964b4de2882476213448f08b,Shwe Ko,ရွှေကို
LWMP-02-0123,aef4ee0fc4ca47b696e26f1a9455f032,Sai Hla Thein,စိုင်းလှသိန်း
LWMP-02-0124,a8355453d85d475497b2c04af546ab1c,Myo Naing,မျိုးနိုင်
LWMP-02-0125,210539274cd9481bbbff29a506ba2b12,Min Thein,မင်းသိန်း
LWMP-02-0126,44b2c4d5264a40efa33436ea47805f6a,Kyi Moh Moh Lwin,ကြည်မို့မို့လွင်
LWMP-02-0127,0020da9a4e4942e6b3a5bf2a9202c3f6,Zaw Win Myint,ဇော်ဝင်းမြင့်
LWMP-02-0128,764533d31ba64b7d862b8c81484de6c3,Saw,စော
LWMP-02-0129,10e054d74cf34619a76eedaabde981da,Soe Nwe Aye,စိုးနွယ်အေး
LWMP-02-0130,b4af509c46674651afd8d643a90e4af2,Sit Aye,စစ်အေး
LWMP-02-0131,ad015251b2ae40c78ef204eb653544ae,Naing Htoo Aung,နိုင်ထူးအောင်
LWMP-02-0132,2459ee1a3b364d8eabb39bf92180942c,Thaung Aye,သောင်းအေး
LWMP-02-0133,e6c321f37c14452195bdcb77baaae8c4,Aung Khin,အောင်ခင်
LWMP-02-0134,7a387533742840bca46c575ca6ceee2a,Kyaw Soe Lin,ကျော်စိုးလင်း
LWMP-02-0135,adf8b76eb83a4ec182ad16daf4207dc4,Thang Htay Lin,သောင်းဌေးလင်း
LWMP-02-0136,84b4e49377ae44afa8ccd493578bb713,Zaw Min Lwin,ဇော်မင်းလွင်
LWMP-02-0137,50b6400ceb734a509f541fab1e882c82,Thet Lwin,သက်လွင်
LWMP-02-0138,94c54b3e34814f2ba9cdef4e44656bf1,Lin Lin Kyaw,ဦးလင်းလင်းကျော်
LWMP-02-0139,3bcbd7b8017d40278f5c9727cfe97059,Hla Tun Aung,လှထွန်းအောင်
LWMP-02-0140,89230387d5d9402399c0b19dbbedb76a,Nyein Thit,ငြိမ်းသစ်
LWMP-02-0141,6b230aed436e4fed996f57d3c0e411a6,Maung Thin,မောင်သင်း
LWMP-02-0142,f83a580523814450948a3f331b6eac6e,Aung Naing,အောင်နိုင်
LWMP-02-0143,1e432526a07c448daa9fa9e7838f371d,Ko Ko Naing,ကိုကိုနိုင်
LWMP-02-0144,e0c7b5b8419146729c115ebfa15612c3,Khin Maung Soe,ခင်မောင်စိုး
LWMP-02-0145,da03a0ad613e406db50ed0aa02cea6aa,Aung Naing,အောင်နိုင်
LWMP-02-0146,42f1a02db3f04135a97e0974259a7641,Than Soe,သန်းစိုး
LWMP-02-0147,e5029cbf865f48e1b2e6e65e08d6c64e,Soe Myint,စိုးမြင့်
LWMP-02-0148,9223c8a437944c6c905f957962a68bca,Hla Moe,လှမိုး
LWMP-02-0149,3ebd1c06f564416a92e0b293086d614f,Khin Saung,ခင်ဆောင်
LWMP-02-0150,f4d98dc1c94449b487fe287a28ad688a,Kyaw Win Maung,စောကျော်ဝင်းမောင်
LWMP-02-0151,7b7d211bb2b64e1f961c3519aba26c1d,Khin Htay Kywe,ခင်ဌေးကြွယ်
LWMP-02-0152,079ac028387d4de79fcec1f63f35ed3f,Kon Chan,မိကွန်ချမ်း
LWMP-02-0153,316ad4f8439640d9988156bd366f0112,Tin Ko Ko Oo,တင်ကိုကို
LWMP-02-0154,cdd22d24e11f443f975f7eed60fdf884,Saw Tun,စောထွန်း
LWMP-02-0155,dce4617c9882418f984c77de770bb0de,Naing Thaung Nyunt,နိုင်သောင်းညွန့်
LWMP-02-0156,6033e97a63e342aea6945eb82837c9c0,Aung Tun Khaing,အောင်ထွန်းခိုင်
LWMP-02-0157,3ccd8c1887e145bcb7ce7e0316517235,Nyan Hein,ဉာဏ်ဟိန်း
LWMP-02-0158,a925f8fb0586457580edc6010fff781f,Mar Mar Khaing,မာမာခိုင်
LWMP-02-0159,b4af33ba8db24f91b1a3f57b03dcee6f,Oo Tun Win,ထွန်းဝင်း
LWMP-02-0160,40e20b2bd661495eba4624cddaa9272e,Ba Shein,ဘရှိန်
LWMP-02-0161,d141a5ff0003474596a33bbdc11666b8,Myint Wai,မြင့်ဝေ
LWMP-02-0162,137681442e2745638fb4df34e57007cd,Maung Thein Khaing,မောင်သိန်းခိုင်
LWMP-02-0163,4beb754836df4f0ab4f1b8e570d89ad4,Ni Ni May Myint,နီနီမေမြင့်
LWMP-02-0164,f1c59638faeb46a99d8625649955634d,Oo Tun Maung,ထွန်းမောင်
LWMP-02-0165,cc25b37992494431a275fe26b401ec6f,Aung Kyaw Zan,အောင်ကျော်ဇံ
LWMP-02-0166,5d04c79db21547d6b18d2e9b0735cc05,Aung Thaung Shwe,အောင်သောင်းရွှေ
LWMP-02-0167,b6b321bf53ee403082cee0033627ae8e,Sit Naing,စစ်နိုင်
LWMP-02-0168,cfa35737e7ff475690ac810ea030986a,Pe Than,ဖေသန်း
LWMP-02-0169,f39d323224c74130a8822fd4a6417df8,Oo Hla Saw,လှစော
LWMP-02-0170,a87b5f24cef94ed09b838ca2a79ac5c7,Tin Nu,တင်နု
LWMP-02-0171,efda4c66d26b412ebbeecb7aa796d388,Hla Tun Kyaw,လှထွန်းကျော်
LWMP-02-0172,3195c9cd02394d078222f5f0a11bc2c9,Kyaw Shwe,ကျော်ရွှေ
LWMP-02-0173,29395bb6fe9049f8a3eb43dd5fdc17bd,Khin Saw Wai,ခင်စောဝေ
LWMP-02-0174,6b7525fbcad8488aaaa092b114a49221,Min Kyi,မင်းကြည်
LWMP-02-0175,a8631d9f454946e589609aae7ddfdbae,Thein Swe,သိန်းဆွေ
LWMP-02-0176,e52e1205ed9a4edb8ff8a717223b7b45,Tun Tun Naing,ထွန်းထွန်းနိုင်
LWMP-02-0177,f1300500d41f4601a6a02fe1df49fab5,Hlaing Myint Han,လှိုင်မြင့်ဟန်
LWMP-02-0178,5f0ee36d581e4e1cb554d6063854cfb7,Tun Win,ထွန်းဝင်း
LWMP-02-0179,ac7ab72fe0e543ab8a54e164a9a10413,Aye Aye Mu,အေးအေးမူ
LWMP-02-0180,9c492c4502af42babd663da98f135b2b,Than Tun Myint,သန်းထွန်းမြင့်
LWMP-02-0181,cff1c913f8de41c79c52b621fb79dfc6,Myint Kyi,မြင့်ကြည်
LWMP-02-0182,91c6dd24aa3b473586a91cfc1cebd000,Myo Zaw Aung,မျိုးဇော်အောင်
LWMP-02-0183,7bd2cd842e6c4e118989aa27ad800028,Win Aung,ဝင်းအောင်
LWMP-02-0184,862b378fd6d94edeb181b41b7ac8c415,Aung Than Sein,အောင်သန်းစိန်
LWMP-02-0185,565f47752503419588e08bf13a6eaaeb,Myo,မျိုး
LWMP-02-0186,e2635fe5edc9409d93a99fb18171cf51,Khin Maung Thein,ခင်မောင်သိန်း
LWMP-02-0187,488a7bb7c4d1428d8ae5ae240dca12ff,Win Thein Zaw,ဝင်းသိန်းဇော်
LWMP-02-0188,d9c264656c724918b04ee2e6bb011374,Myint Tun,မြင့်ထွန်း
LWMP-02-0189,0426a15643574c638f618cd59b65ddd6,Naing Naing Win,နိုင်နိုင်ဝင်း
LWMP-02-0190,70769d35d83649f9acc81656ebcef932,Maung Maung,မောင်မောင်
LWMP-02-0191,c910336a1cff43c9bbf34bab450b0d07,Win Myint Aung,ဝင်းမြင့်အောင်
LWMP-02-0192,fcd899a4f7c9432a809b7f3f7325ef03,Wamm Hla,ဝမ်းလှ
LWMP-02-0193,b30f2fbedb184414ab8c8459ee64bcf7,Min Naung,မင်းနောင်
LWMP-02-0194,86347a178b894488be75e6b075db6a75,Khin San Hlaing,ခင်စန်းလှိုင်
LWMP-02-0195,6fea62581c04474796f24b1307ca696f,Htin Wai,ထွန်းဝေ
LWMP-02-0196,f56018e53a7b41559d81cbc2b3345d60,Kyaw Soe,ကျော်စိုး
LWMP-02-0197,1f0cc872a16e4ae398b75fb8aa4c0da5,Myint Han Tun,မြင့်ဟန်ထွန်း
LWMP-02-0198,f384121617084d2e83653c955a9de221,Maung Myint,မောင်မြင့်
LWMP-02-0199,39c1894bf047496ebed987c41b4e7bc7,Soe San Thet Tun,စိုးစံသက်ထွန်း
LWMP-02-0200,647d6e29a98c41e4b89f083d9f329fd2,Htay Ngwe,ဌေးငွေ
LWMP-02-0201,c5f785060cea462a9a66625e11f64ece,Thant Sin Maung,သန့်စင်မောင်
LWMP-02-0202,6bf00e4949594aa2bc02a0a860709770,Cho Cho Win,ချိုချိုဝင်း
LWMP-02-0203,19f2c6a0d66043638c382842bda19ce1,Aung Soe,အောင်စိုး
LWMP-02-0204,18cc7b9ec97343f29baf5c964b074ede,A Zin Latt,အေဇင်လတ်
LWMP-02-0205,2746f3c305d84cc8b568d8ed26b93f92,Min Thein,မင်းသိန်း
LWMP-02-0206,3a0d22934f344da0aceef715944d5d24,Thet Naung,သက်နောင်
LWMP-02-0207,d7d75a5b03984c96a5c2468240731820,Kyaw Htay,ကျော်ဌေး
LWMP-02-0208,e73c7d1c0aeb49ed889d2a2e3bdab60e,Myint Thein,မြင့်သိန်း
LWMP-02-0209,c48fdc7de44a4303a9c37df918fc23cb,Nay Soe Aung,နေစိုးအောင်
LWMP-02-0210,e928adaab3164b569d8f39b988e665a8,Myo Nyunt,မျိုးညွန့်
LWMP-02-0211,255c41a4ab9f46a6b0cbdfc28061c304,Pyone,ဒေါ်ပြုံး
LWMP-02-0212,e2180acdcfe0428fa5ea047493cf56f0,Khin Maung Thin,ခင်မောင်သင်း
LWMP-02-0213,2ebbe51d38f049a3b6ece9f3dc5a938b,Stephen,စတီဖန်
LWMP-02-0214,2420825d3aff475fa42e71644da224b5,,
LWMP-02-0215,bf83399fcd844cea98b6552758bdfd55,Tun Aung,စိုင်းထွန်းအောင်
LWMP-02-0216,2493394cd97847908cbe779c17feedab,Pyone Kathy Naing,ပြုံးကေသီနိုင်
LWMP-02-0217,420af3815ba740489c8c5f2d1825c5a7,T Khun Myat,တီခွန်မြတ်
LWMP-02-0218,c48f624a1359409d9da54103ec571612,Khin Saw,နန်းခင်စော
LWMP-02-0219,873a89b2eaf44ad2b3e180371335ca95,Yan Kyin Kan,ယန်ကျင်းကန်
LWMP-02-0220,65d2ba69b47d46d4a73d4d0ea428cd40,Le Kyein Fu,လီကျိန်းဖူ
LWMP-02-0221,f36aadbb821e42d5af07b5fb0a2f893a,Than Htoo,ခွန်သန်းထူး
LWMP-02-0222,4ba8dfed13664a82b528f659e71cf04c,Win Myint Oo,ဝင်းမြင့်
LWMP-02-0223,9ae8131142c04f0a9a4b56c383412d9f,Maung Pwint,စိုင်းမောင်ပွင့်
LWMP-02-0224,8751f26f1d614e59b1a2566e0abfce1e,Htay Win,ဌေးဝင်း
LWMP-02-0225,9eb1ed0d48434b73826383388c3b9d83,Than Ngwe,ဒေါ်သန်းငွေ
LWMP-02-0226,d77b1d115d2c4d53b214a161ba10cffa,Khan Aye,နန်းခမ်းအေး
LWMP-02-0227,452486e8448e464fbff1e9b86b61b7d1,Tun Kyaw,ထွန်းကျော်
LWMP-02-0228,dacc8c939a304fcc80eac9df5cdd5dee,Htay Lwin,ဌေးလွင်
LWMP-02-0229,dddbf55a92024f1e9b93394a518e256d,Win Htoo,ဝင်းထူး
LWMP-02-0230,3b1f151304114cf8a6268c7f680949f1,,
LWMP-02-0231,32b93f2f913d455f9d7ad5ed431905b7,Tun Tun Hein,ထွန်းအောင်
LWMP-02-0232,d31a36263e7f40da81b0ea8bf9372512,Soe Myint,စိုးမြင့်
LWMP-02-0233,bb053efbda5a4c10b21e325d2076b889,Maung Thaung,ခွန်မောင်သောင်း
LWMP-02-0234,2a2896e62255456aacd174b4f5ea76e3,,
LWMP-02-0235,24a3859e54ed41eebf85748017dd86ce,,
LWMP-02-0236,351b59f00aa94924b853a18d17d44f25,Phoe Maung,ဖိုးမောင်
LWMP-02-0237,ab376fb9d1614cab96c58f40d0582575,Tin Aye,တင်အေး
LWMP-02-0238,b0946ba62d8945e59aa75b2854435502,Moe,နန်းမိုး
LWMP-02-0239,cc3b2da123a8456db3fad4632a678e50,Aung Myint Shein,အောင်မြင့်ရှိန်
LWMP-02-0240,dfa3c7fb22c144f8ae38bb535e27f81c,San Thein,စိုင်းစန်သိန်း
LWMP-02-0241,b7e4ad8c190a4ef1b7e77a15ca22dc3b,Toe Thang,တိုးသောင်
LWMP-02-0242,f41e26e90b804c12a8c4a49813fc0618,Hsai Mine,စိုင်းဆိုင်မိုင်း
LWMP-02-0243,7077afc32dde421b8e19c1fc5922792b,Sel Kee Kaw,စဲကီကော်
LWMP-02-0244,f39981d547ae4a5fa5d1628e55696984,Khathtiya,စိုင်းခတ္တိယ
LWMP-02-0245,137670a274ae43d0a0d1837086b27deb,Aung Kyaw Oo,အောင်ကျော်ဦး
LWMP-02-0246,6b9f8275877c42249aef6ec39e9fbc37,Kyaw Moe,စိုင်းကျော်မိုး
LWMP-02-0247,dff6abdfe2eb46f987fddc6c0173ba61,Tun Sein,စိုင်းထွန်းစိန်
LWMP-02-0248,0b65d71b86654eb593f81be2d9e0dedd,Lin Zaw Tun,လင်းဇော်ထွန်း
LWMP-02-0249,7c36fab2a21341dea5eedd3ef8d664cf,,
LWMP-02-0250,b65a1ea60f3040fca9056bf2634c7c7a,Hsam,စိုင်းဆမ်
LWMP-02-0251,514b04f646134af99614e1a9a9b8bbea,Tun Aung,စိုင်းထွန်းအောင်
LWMP-02-0252,3e7c77bcb94e4321a9d8e68a07917fee,Thiha Kyaw,စိုင်းသီဟကျော်
LWMP-02-0253,623cc27b8bf74ee8bc6624df049fecf9,,
LWMP-02-0254,1035785f0cb1419ea0c8802be72b1b8b,,
LWMP-02-0255,1e5c27ebc3c145cf9ba48b82a4a73938,Phoe Myat,စိုင်းဖိုးမြတ်
LWMP-02-0256,b7bb90acbb024611bce18a830d02c46a,Ngaung Sai Hein,စိုင်းငေါင်းဆိုင်ဟိန်း
LWMP-02-0257,deb8cafc2799421695dbe9393c278c34,Khin Maung Myint,ခင်မောင်မြင့်
LWMP-02-0258,1807abd44cc94397b909621d242d7b48,Aung Soe Min,အောင်စိုးမင်း
LWMP-02-0259,f8bbf4c931dc49c084fa9fbf99e303e7,Ba Hein,စိုင်းဘသိန်း
LWMP-02-0260,6baabd09d4fb4cb397837b56c1cc8ac9,Khin Maung Thi,ခင်မောင်သီ
LWMP-02-0261,e972e6c7b00846bf8f91f9343861753b,Mak Kham,စိုင်းမောက်ခမ်း
LWMP-02-0262,d44c01adeac74a439e55495dbcbac3f4,Lu Tal Hone,လူတယ်ဟုန်
LWMP-02-0263,8ccb5f808d2b4b4aa8ffb82a915fe737,Moon,စိုင်းမွန်း
LWMP-02-0264,aa5d9388c35147ac9e3474f0f0c11344,Oo Kham,စိုင်းခမ်း
LWMP-02-0265,263f7a2a8c9748519b83983538fc6bec,Thant Zin,စိုင်းသန့်ဇင်
LWMP-02-0266,9ba4b5f55bc94a539f6d85a517f8fca0,Kyin Wam,ကျင်ဝမ်း
LWMP-02-0267,6a50b3e7b9c5403f87c852fca88284f5,Aung Kyaw,ခွန်အောင်ကျော်
LWMP-02-0268,d41c50c3e95349f5a3d708645be33677,Tin Tin Yee,တင်တင်ရီ
LWMP-02-0269,d4dabcb08a0540658770e87bfd487d3b,Khin Zaw,ခင်ဇော်
LWMP-02-0270,0f5f225658ab40aab20981b15bc06ee5,Aung Kyaw Hein,အောင်ကျော်ဟိန်း
LWMP-02-0271,3994b2006d034c41848bbb647846c19b,Aung Sein,အောင်စိန်
LWMP-02-0272,380cf695f1964332b74f125860037f4e,Ohn Khin,အုန်းခင်
LWMP-02-0273,23953d3bfd744865911ff6b5678356e0,Nay Lin Tun,နေလင်းထွန်း
LWMP-02-0274,95f7484c39674ce3ace0aae56ff6e8bc,Soe Paing Htay,စိုးပိုင်ဌေး
LWMP-02-0275,9482c0bca3694d2dae4070e4ffe28933,Thet Naing Oo,သက်နိုင်
LWMP-02-0276,a3fe0588f9f54581962b3589895146e8,Khin Sandi,ခင်စန္ဒီ
LWMP-02-0277,d808a10ce35f45708a3149dd108a0906,Aung Soe,အောင်စိုး
LWMP-02-0278,769cfc39f3904453b84ca5e071c42e2a,Phyo Zayar Thaw,ဖြိုးဇေယျာသော်
LWMP-02-0279,6e8798f007734a27b897a3594a5c2796,Hla Htay Win,လှဌေးဝင်း
LWMP-02-0280,54eee483e8d3497c81946b83ff000a3e,Kyaw Tint,ကျော်တင့်
LWMP-02-0281,5f6cd3e15fd3467b88d62ffe836a1168,Thant Zin Tun,သန့်ဇင်ထွန်း
LWMP-02-0282,8b4e5e02a95940f9acac91ff5fb7f75d,Than Soe Aung,သန်းစိုးအောင်
LWMP-02-0283,24a2dffca0ed43e3bc7aed1874ac94f7,Yee Mon,ရည်မွန်
LWMP-02-0284,f6466285dd2243c1a20adca80834d2a0,Myo Zaw Oo,မျိုးဇော်
LWMP-02-0285,eb61313dad6741f2860b45fb4a37f2cf,Kyaw Min Hlaing,ကျော်မင်းလှိုင်
LWMP-02-0286,e7c4b0b7dd3245aa9ccdaff4275a7888,Kyaw Min,ကျော်မင်း
LWMP-02-0287,23265c8aae404b518a8b2c475c1a1e98,Nay Myo Htet,နေမျိုးထက်
LWMP-02-0288,87a6d4e4185149c091224f16e63a2107,Aye Mya Mya Myo,အေးမြမြမျိုး
LWMP-02-0289,c43ba2fbd20e4a3988b453ea3695b0fa,Zaw Win,ဇော်ဝင်း
LWMP-02-0290,2f2b060d5a274b76a30d26dc844186e6,Soe Thura Tun,စိုးသူရထွန်း
LWMP-02-0291,b490c4aeb05f4b2896fe34aa3a471a36,Thet Swe,သက်ဆွေ
LWMP-02-0292,1e1d1a9c7e8142518d6674b3ce06c4ae,Aung San Su Kyi,အောင်ဆန်းစုကြည်
LWMP-02-0293,2dded6d9f4214a5a9ae119918decf7a9,Aye Min,အေးမင်း
LWMP-02-0294,97e901b69d9a45f7ac109104579e1067,Bo Bo Oo,ဘိုဘို
LWMP-02-0295,ec6d49a9493e49faa7731fb3191d2ab3,Tin Maung Win,တင်မောင်ဝင်း
LWMP-02-0296,7a2830519574499db9f149a3d6054ff0,Tin Tun Naing,တင်ထွန်းနိုင်
LWMP-02-0297,2ea2aa1e72ca4350b5a3017b7dd91b3a,Myint Lwin,မြင့်လွင်
LWMP-02-0298,155007d8f1ac471c888c27c97655dd80,Win Myint,ဝင်းမြင့်
LWMP-02-0299,776f09c224e6423fad6ffaae6a3db6a5,Kyaw Myint,ကျော်မြင့်
LWMP-02-0300,434a94a0957741469c74392cad0884fd,Saw Naing,စောနိုင်
LWMP-02-0301,8c10b52b404a4baab9b4ea9aaab83693,Nay Myo Tun,နေမျိုးထွန်း
LWMP-02-0302,f78955e2c0da4bb8a247db60d1ce6967,Kyaw Win,ကျော်ဝင်း
LWMP-02-0303,3a08d013d74a4f3184c2abe47f358624,Aye Naing,အေးနိုင်
LWMP-02-0304,81eabb04f33c483b8ff118e28535c520,Khin Maung Maung,ခင်မောင်မောင်
LWMP-02-0305,76a4c67f41b84ea0ac6e858f84305034,Myo Aung,မျိုးအောင်
LWMP-02-0306,af5144c9f7b1428eb4dcf3179bfb9c19,Thet Thet Khine,သက်သက်ခိုင်
LWMP-02-0307,150a74fcd89f44d7a2964e9c4baf76a9,Sein Mya Aye,စိန်မြအေး
LWMP-02-0308,ce55f4346daa40b79d5519e977f79723,Htay Win Aung,ဌေးဝင်းအောင်
LWMP-02-0309,bd8c27aef0e74365ad8aea8a254d6709,Nay Phu Ba Swe,နေဖူးဗဆွေ
LWMP-02-0310,9eb8ce81a17046a8a44de0f6b3bdab44,Myint Lwin,မြင့်လွင်
LWMP-02-0311,243d01099d1248329da535fbd6d8b34c,Tun Myint,ထွန်းမြင့်
LWMP-02-0312,b3c43e3f5812427c9a18c4d1fb707bb4,Myint Myint Soe,မြင့်မြင့်စိုး
LWMP-02-0313,456367de6cf34f84877fb40e6835d643,Phyu Phyu Thin,ဖြူဖြူသင်း
LWMP-02-0314,7b9f4254267e407d92d6064aa23e1339,Aung Hlaing Win,အောင်လှိုင်ဝင်း
LWMP-02-0315,a438b3cd250b4be491d21ab8aa00b639,May Win Myint,မေဝင်းမြင့်
LWMP-02-0316,dc2f889a523c45b29d7663485b45eeb0,Than Win,သန်းဝင်း
LWMP-02-0317,af388e92f95745ae8b1fef5be5633f55,Aung Win,အောင်ဝင်း
LWMP-02-0318,e94c00853c1642f1bfd059d2999a0ec4,Zin Mar Aung,ဇင်မာအောင်
LWMP-02-0319,26d49aed7e7c4681aff1144c9c131cbe,Nyan Lin,ဉာဏ်လင်း
LWMP-02-0320,a438918592df4c4a8f5a84b3aefcc029,Khin Maung Win,ခင်မောင်ဝင်း
LWMP-02-0321,745cf5e86e2042dabe1b66461b79293a,Khin Moh Moh Aung,ခင်မို့မို့အောင်
LWMP-02-0322,21794844fe7e4cdbbaf4b71d0a0f2d7b,Thein Tan,သိန်းတန်
LWMP-02-0323,6c80a5abb08b4a8a82da34179abffe8e,Aung Kyaw Kyaw Oo,အောင်ကျော်ကျော်
LWMP-02-0324,74c3862e00814c56bb153b9a7153fdc9,Than Myint,သန်းမြင့်
LWMP-02-0325,5b994dd52220442395ca048c07d9f07f,Shwe Hla,ရွှေလှ
LWMP-02-0326,eb5aabd66c5045e69f29cd4abb56f3f8,Lwin Ko Latt,လွင်ကိုလတ်
LWMP-02-0327,7a3a8978eeec4919a606b34d7718ca50,Wai Phyo Aung,ဝေဖြိုးအောင်
LWMP-02-0328,fdf5d663b29148c886e535bb4763cfd8,Su Su Lwin,စုစုလွင်
LWMP-02-0329,aa6a12fae4f44534a85637f7f1e83160,Maung Maung Oo,မောင်မောင်
LWMP-02-0330,938a32b19ebd4e6c9a5cb0dea7f025f4,Ye Lwin,ရဲလွင်
UPMP-02-0001,d6186b7b06a14b8096a0d9b8545023ab,Soe Moe,စိုးမိုး
UPMP-02-0002,bb8f436d379e44f5bb8681e42b941da7,Thein Swe,သိမ်းဆွေ
UPMP-02-0003,85db99b353654e1b877417950026b5ad,May Than Nwe,မေသန်းနွဲ့
UPMP-02-0004,c08a4d1bc1a64c658e73772d583b740a,Kyi Win,ကြည်ဝင်း
UPMP-02-0005,132778240b2246f68d4a7358871b9937,Khin Zaw Linn,စခင်ဇော်လင်း
UPMP-02-0006,a4022ec6ee5c4a0083da6b507eab6717,San Myint,ဆန်းမြင့်
UPMP-02-0007,bef1474c16284c778f4e6a9854c4af13,Htein Win,ထိန်ဝင်း
UPMP-02-0008,0f457518b28d4bedb079e0cb0756ab60,Maung Maung Ohn,မောင်မောင်အုန်း
UPMP-02-0009,ea8e2e91fe104c5e9b876f8c1a9b600b,Tun Kyaing,မန်းထွန်းကြိုင်
UPMP-02-0010,1bc3eb38036c4c8fb0c0a1bb65ea787f,Pyae Phyo,ပြည့်ဖြိုး
UPMP-02-0011,3c529c34c4ab4f9a80c6b4143fbc791b,Ei Ei Pyone,အိအိပြုံး
UPMP-02-0012,7c77665ab3fb4ce781e48b7b4906207d,Toe Shwe,တိုးရွှေ
UPMP-02-0013,f832b576ec1f465abb3fc5923cd495ca,San Maung Maung,စန်းမောင်မောင်
UPMP-02-0014,16d54eca4c5a4aeeb4112ebee727d9a5,Win Kyaing,ဝင်းကြိုင်
UPMP-02-0015,ed5e40e9f7e74d70aa28eb0ae9f9dac7,Win Myint,ဝင်းမြင့်
UPMP-02-0016,e474f041a7e8472f93d98b2426ae1150,Aung Thein,အောင်သိန်း
UPMP-02-0017,7d2c8645d35c44da86ad3c16191a1a44,Moe Myint Aung,မိုးမြင့်အောင်
UPMP-02-0018,bbf187ea236d4c959b681d397744c590,Shwe Shwe Sein Latt,ရွှေရွှေစိန်လတ်
UPMP-02-0019,f58f40e1ae8a417cbc85f9d4ce614719,Win Myat Aye,ဦးဝင်းမြတ်အေး
UPMP-02-0020,2bc27a30274f4c14836577bd2139bdd5,Tin Tin Win,တင်တင်ဝင်း
UPMP-02-0021,86d833986c7e4119b3dd0a47e826c859,Min Oo,မင်း
UPMP-02-0022,03b386f3e8184c11b06e5aaf15fe1fb8,Mya Thaung,မြသောင်း
UPMP-02-0023,21c09e7a776b46a2b4cbd95fe6ecc4d0,Win Myint Chit,ဝင်းမြင့်ချစ်
UPMP-02-0024,c4d91026b6eb48e087dff6fd324c7041,Aye Cho,အေးချို
UPMP-02-0025,4f18880ad8bc47c894884c1d27298d07,Ngun Hay,ငွန်ဟေး
UPMP-02-0026,fc952094a42a49eeb6a191ac65789529,Lahl Minn Htan,လားလ်မင်းထန်
UPMP-02-0027,bdf0e64cc04644f1b9c3925f9cc042af,Whave Tinn,ဝှေ့တင်း
UPMP-02-0028,77f7a9f53643408796365ea4123c79f2,Myo Htike,မျိုးထပ်
UPMP-02-0029,6f8186ced34a483f983595534fa54570,Shun Awr,ရှန်အောရ်
UPMP-02-0030,bf585df8113c4fd5bff20a7561a4eabe,Henery Van Thio,ဟင်နရီဗန်ထီးယူ
UPMP-02-0031,a73230f0627a4a619954b4973de5f91c,Zone Hlal Htan,ဇုန်လှယ်ထန်း
UPMP-02-0032,4b9509d517dc4c27bbcefe27c7e338a3,Pu Ghin Kan Lian,ပူဂင်ကမ်းလျန်
UPMP-02-0033,86491c10edfb4e4b9efbc88fe14e0150,Kyin Khant Pung,ကျင်ခန့်ပေါင်
UPMP-02-0034,9de24bf0b5c84505b1e9f96004568653,Kyain Ngeik Man,ကျိန်ငိုက်မန်
UPMP-02-0035,e1159cd12591476597f9b7b5fc2bc478,Mam Law Mung,မာန်လောမောင်း
UPMP-02-0036,6b62df4b51434002b644ff271ff9cb43,Khin Swe Lwin,ခင်ဆွေလွင်
UPMP-02-0037,e025c34273294e819570c6afd6963021,J Yaw Wu (a) R Wu Sha,ဂျေယောဝူ
UPMP-02-0038,afc7eac5fe794e6a9d269312eeaafe35,Thein Lwin,သိန်းလွင်
UPMP-02-0039,2dbb19e71f6a4fc683edc933aec2f713,Win Thaung,ခွန်ဝင်းသောင်း
UPMP-02-0040,04a35fe6f92f41c59e6df5a8d3ef40d9,Naing Ko Ko,နိုင်ကိုကို
UPMP-02-0041,213fd42b962f4e6b99b6f3017dfb5231,Shilar Nan Taung,ရှီလာနန်တောင်
UPMP-02-0042,368d21f6d041466c862ca18a4094cd3c,Zel Gaung,ဇယ်ခေါင်
UPMP-02-0043,bf40ac7d5c984beb9b87e39d2361d0b5,Naung Na Jhatan,နောင်နဂျတန်
UPMP-02-0044,786b7ce8735f46409705515c2cf80bcf,Yaw Na,ယောနာ
UPMP-02-0045,73b0325d75ee4d5983f849c280a54b43,Min Swe Naing,မင်းဆွေနိုင်
UPMP-02-0046,932c74451fe442e188fdb49ff33cf4ad,Win Zaw,ဝင်းဇော်
UPMP-02-0047,64587fd105904ce7a22d16c737e5d843,Khin Ma Gyi,ခင်မကြီး
UPMP-02-0048,385a793629bb4a55b4758538298ffbb0,Khin Maung Myint,ခင်မောင်မြင့်
UPMP-02-0049,f2c3e4452e844ef1afc44e6e7765bf0a,Phye Ral,ဖြေရယ်
UPMP-02-0050,385dd5b822c148baad1fbdb8490666d7,Thar Sein,စိုင်းသာစိန်
UPMP-02-0051,12e6814b418a445dba57b8e49f0ca6b2,Mya Say,နော်မြစေး
UPMP-02-0052,a25555c4289340e58374ca1c4ca916c4,Pan Pha,စိုင်းပန်ဖ
UPMP-02-0053,a38a90568ea2415fb5b1cdf780f41c30,Shae Ral Shu Maung,ရှေးရယ်ရှုမောင်
UPMP-02-0054,6b296b2cb48349c1b4a321023e6109fe,Baw Ral Soe Wai,ဘော်ရယ်စိုးဝေ
UPMP-02-0055,ff38dbeeb14f400a94baf93dcbc58c20,Sein Htn,စောစိန်ထွန်း
UPMP-02-0056,ee758903299b47ba8eb0517812a96b21,Shar Mu,ရှားမူ
UPMP-02-0057,b88de95630f44ea1ad5eb21adfc4ce30,Lwee Zar,လွီးဇာ
UPMP-02-0058,dd051f28c0eb4a11a9a99cc2de2d3caf,Aung Kyaw Soe,အောင်ကျော်စိုး
UPMP-02-0059,4b5c61c17bde4d34babe192df1527859,Kyaw Than,ကျော်သန်း
UPMP-02-0060,0a38ea8c39dc4fd4a5dc5504a60bfa4d,Soe Thein,စိုးသိန်း
UPMP-02-0061,479eebf4cdc14b84a1a9c902ce13ddff,Moe Myint,စောမိုးမြင့်
UPMP-02-0062,f8e62b87d3054b9589a9b0e148bb525a,Myo Aung,မျိုးအောင်
UPMP-02-0063,efb2c9fdb8674451b4188c25097de938,Sa Mu Tu,နော်ဆာမူထူး
UPMP-02-0064,f4974d7a42c14e15b5daa3d1ce81e9c7,Shar Phon Wah,စောယှားဖောင်အွာ
UPMP-02-0065,cab1acd4d8324d918363437bc3f1eda0,Than Htut,​စောသန်းထွဋ်
UPMP-02-0066,b5fe4a27eab44166bb59269e04a2113c,Chit Oo,စောချစ်
UPMP-02-0067,8cfb16ee217c4c12b8f0ba2a382c1f90,Moe Moe Htwe,နန်းမိုးမိုးထွေး
UPMP-02-0068,af198909c7a041c18f50c721d936e09a,Than Naing,စိုင်းသန်းနိုင်
UPMP-02-0069,0e77355dddf14c2683597e82ef327b78,Ni Ni Aye,နန်းနီနီအေး
UPMP-02-0070,edc6fcae97844e54b7041b3c95e3ae59,Christ Tun,နော်ခရစ္စထွန်း
UPMP-02-0071,0e76661ff58f42528a5901187b5f7ff1,Win Khaing Than,မန်းဝင်းခိုင်သန်း
UPMP-02-0072,2d39f0bf906243d294734f0096dfd6a6,Be San Thein Myint,စောဘီစံသိန်းမြင့်
UPMP-02-0073,3c40ad0e5ca34373a87845f3fb579477,Hla San,လှဆန်း
UPMP-02-0074,6c576284286a48feac04922cea9517b3,Kyaw Ngwe,ကျော်ငွေ
UPMP-02-0075,37d8113fdf904c058cf0c5d88b8cf316,Kyaw Swe,ကျော်ဆွေ
UPMP-02-0076,9066c97c09b0455ba33e51781d805e5e,Pyu Lwin,ပြူးလွင်
UPMP-02-0077,4eca520a70e4466480c0f5c075e44bf5,Khin Win,ခင်ဝင်း
UPMP-02-0078,428eb91ec4954cf79fbfe7d31b93d212,Chit Htwe,ချစ်ထွေး
UPMP-02-0079,5bb69c2c8a8543f0a2227a09eb9563bc,Aung Kyi Nyunt,အောင်ကြည်ညွန့်
UPMP-02-0080,51c1d52264e64da5a228f2f3cda3fb56,Tin Aung Tun,တင်အောင်ထွန်း
UPMP-02-0081,5d530b1510074edda5faeb1cb147a4c8,Win Maung,ဝင်းမောင်
UPMP-02-0082,0cef116bbf144919a5430d4cac2fb2c5,Than Than Aye,သန်းသန်းအေး
UPMP-02-0083,375cd8acf1fe4b22b0025e5d77ab25f6,Win Myint,ဝင်းမြင့်
UPMP-02-0084,c10281817a2747ae86f7acc802dc96b0,Mya Min Swe,မြမင်းဆွေ
UPMP-02-0085,29db5aec0dcf444883128e352be6736a,Than Win,သန်းဝင်း
UPMP-02-0086,30283ce217db4edcb134133eef663ab3,Kyaw Myint Oo,ကျော်မြင့်
UPMP-02-0087,372a0e99fff24733ba613fbe6050a6cd,Soe Aung,စိုးအောင်
UPMP-02-0088,5eaa6ea49fb1415a86a04691a9eb8921,Kyaw Thiha,ကျော်သီဟ
UPMP-02-0089,6df09e1ae8bc4f1ba617fe82435ac64b,Tun Tun Oo,ထွန်းထွန်း
UPMP-02-0090,a7264e2fa54d4ab998b06e3abc2d4983,Kyaw Than Tun,ကျော်သန်းထွန်း
UPMP-02-0091,cce71f4dc73d4a0facd49837bc2aae3e,Hla Htay,လှဌေး
UPMP-02-0092,41096bb2335542c584269f4d490ae5c6,Aung Myo Latt,အောင်မျိုးလတ်
UPMP-02-0093,1f6507ea4bf64f9d9b87c7191f772649,Kywe Kywe,ဦးကြွယ်ကြွယ်
UPMP-02-0094,29a10ef2637a4fcb9d01d2efc14b7ef8,Kyaw Toke,ကျော်တုတ်
UPMP-02-0095,fe32df0a756a4410852c10b60f32c2cd,Khin Aung Myint,ခင်​အောင်မြင့်
UPMP-02-0096,e1b8fadd2fb84e999274051cbb042516,Maung Maung Swe,မောင်မောင်ဆွေ
UPMP-02-0097,9690bedfde0a492284ba6a269f6cfdcf,Aye Min Han,အေးမင်းဟန်
UPMP-02-0098,05566867e79541a89c872da5f6988099,Soe Thiha,စိုးသီဟ
UPMP-02-0099,8c1977b326bc4ab095c2c4c7608ce05a,Hla Myint,လှမြင့်
UPMP-02-0100,13b5d76a782d4100b69bd99e935b21e2,Thiri Yadanar,သီရိရတနာ
UPMP-02-0101,227dd9fe2aa14b4a8b16e8118c67b50d,Nwe Nwe Aung,နွယ်နွယ်အောင်
UPMP-02-0102,3ce6622ec8254617884258cd1ab236b1,Khin Zaw Oo,ခင်ဇော်
UPMP-02-0103,221f4db017cd49dd8e60f3d52f13752d,Lin Tin Htay,လင်းတင်ဌေး
UPMP-02-0104,15c929328c7d4e06a608d58c0e649568,Myat Thida Tun,မြတ်သီတာထွန်း
UPMP-02-0105,d945d75b2c3e403fb5773c67965d1b25,Pe Tin,ဖေတင်
UPMP-02-0106,b108680f439d40b780efc4ef2ea34510,Thiha,နိုင်သီဟ
UPMP-02-0107,075fc69e80ed47c6be0c6d30acc35ed8,Myo Win,မျိုးဝင်း
UPMP-02-0108,de0bc2c08a284c6eb1c36a0a85294327,Zaw Linn Htut,ဇော်လင်းထွဋ်
UPMP-02-0109,a7e38035d97940fa939f09333ead1a46,Wai Sein Aung,ဝေစိန်အောင်
UPMP-02-0110,ffd321c2164043959687d1dba9417348,Kyaw Than,ကျော်သန်း
UPMP-02-0111,523a9c3262284ed386d8db974332c042,Htu May,ထုမေ
UPMP-02-0112,715a92006a234309bf812c0080906eac,Soe Win,စိုးဝင်း
UPMP-02-0113,5c01649cfb684afeb4967202e7889bb6,Tet Tun Aung,တက်ထွန်းအောင်
UPMP-02-0114,ae15e763430248e99c2ff0195e552c17,Khin Maung Latt,ခင်မောင်လတ်
UPMP-02-0115,f4c96514947240e09247e9f92c4f8560,Kyaw Kyaw,ကျော်ကျော်
UPMP-02-0116,de1a906e468e46a9a95b34a22c286a58,Myint Naing,မြင့်နိုင်
UPMP-02-0117,aa016ca37dc04272a38745ad5bd81f96,Aye Tha Aung,အေးသာအောင်
UPMP-02-0118,d94fd2126e1b401eba1809d7932d6b9f,Kyaw Thein,ကျော်သိန်း
UPMP-02-0119,34d9e8e9a43c4e1489820ac17483fad5,Kyaw Kyaw Win,ကျော်ကျော်ဝင်း
UPMP-02-0120,cab0185fcf20472fb735be142c7ce61c,Maung Kyaw Zan,မောင်ကျော်ဇံ
UPMP-02-0121,1d9a74d033e44cf8a5f4e4d952fc982b,Kyaw Thaung,ကျော်သောင်း
UPMP-02-0122,bd3c7ffa844e47ec8c573831618828c7,Tin Maung Win,တင်မောင်ဝင်း
UPMP-02-0123,699b64c01efe4e3cb9f63e19783a474d,Nyi Nyi Htwe,ညီညီထွေး
UPMP-02-0124,9076b512e6834859addb1098e8944bcd,Min Naing,မင်းနိုင်
UPMP-02-0125,ceecd682e8514ff18000f23b96f5dd7b,Aung Myo,အောင်မျိုး
UPMP-02-0126,7b60f9c0f1694ccd8d568eddfa2938db,Win Aung,ဝင်းအောင်
UPMP-02-0127,f0c8e92ff9724fb88bf3d327db11134f,Hla Oo,လှဦး
UPMP-02-0128,eacb42df1f8c4d219b8c16eca05cdd38,Ye Htut,ရဲထွဋ်
UPMP-02-0129,65650706cc1748d58b0b7d70cbb0ca5a,Zaw Min,ဇော်မင်း
UPMP-02-0130,dda60f9c2dfe43019c7734fce539f278,Khin Maung Win,ခင်မောင်ဝင်း
UPMP-02-0131,00440482eaf04d08b72b84d99110fa07,Ko Ko Naing,ကိုကိုနိုင်
UPMP-02-0132,cd8e33caaa3249a7b800f3751d82636f,Maung Maung Latt,မောင်မောင်လတ်
UPMP-02-0133,bbdc84b5d8b943a0b013c9fa31ef8534,Zaw Min Latt,ဇော်မင်းလတ်
UPMP-02-0134,c4763fc042a34977883021bc4eaaf183,Ohm Khaing,မိုင်းအုဏ်းခိုင်
UPMP-02-0135,19b515ea43c947fe85b79e08b8cfb69c,Kyaw Ni Naing,ကျော်နီနိုင်
UPMP-02-0136,f9bbfd3c469d49acae25a3812fbce6e3,San Aung,စိုင်းစံအောင်
UPMP-02-0138,322d3be712f24e6fbf5416f15ec18e26,Wan Hlaing Kham,စိုင်းဝမ်းလှိုင်းခမ်း
UPMP-02-0139,96ec026618d04317a54ba0a0fd37342d,Ohn Kyaw,စိုင်းအုန်းကျော်
UPMP-02-0140,17271e3aa1d04f78884b8d140266c9aa,Nyi Sein,ညီစိန်
UPMP-02-0141,ebacb37f2f8745e8a9a964adaf69614c,Hsai Kyauk Sam,စိုင်းဆိုင်ကျောက်ဆမ်
UPMP-02-0142,18e56a1319bc4801bacb4ce73ece7212,Lon Hsan Khat,စိုင်းလုံစံခတ်
UPMP-02-0143,06dd817e7dfc4c55913da3c687ac17d1,Ma Ma Lay,မမလေး
UPMP-02-0144,7226ce3ae3aa41e5b345c8ab71984953,Thein Pe,ခွန်သိန်းဖေ
UPMP-02-0145,185456d94ebe40c18405a4078c5dbcd2,Aung Win,အောင်ဝင်း
UPMP-02-0146,ab54e331efaf4448af1930f288b4a946,Soe Thein,စိုးသိန်း
UPMP-02-0147,8da2f96a82514693a0d140bf5a84f931,Khin Maung Win,ခင်မောင်ဝင်း
UPMP-02-0148,19f98d8f93db472d994313b41277410d,Khin Myo Win,ခင်မျိုးဝင်း
UPMP-02-0149,254900b941ee4e648e5270ef8d282e96,Thet Naing Soe,သက်နိုင်စိုး
UPMP-02-0150,0b841c5192d8466f801eab5ea4a35338,Tun Lin,ထွန်းလင်း
UPMP-02-0151,aa7a31619c4b41b8867f3a67857ac000,Han Win Thein,ဟန်ဝင်းသိန်း
UPMP-02-0152,471711f3bc9744c095ff60309854a04d,Lin Wai Phyo Latt,လင်းဝေဖြိုးလတ်
UPMP-02-0153,c46ff930d7764a5db088600ad0cc4e40,Tin Wai,တင်ဝေ
UPMP-02-0154,c1dcf55875384a46b9cdae8b9e2f8083,Zaw Hein,ဇော်ဟိန်း
UPMP-02-0155,f71eabf133304bcb88d062e1e59e6662,Okkar Min,ဥက္ကာမင်း
UPMP-02-0156,fc8625773ce34d96aa4c953117f12473,Kin Shein,ကင်းရှိန်
UPMP-02-0157,b455d47c61484accac174c6c14dc898d,Htay Kywe,ဌေးကြွယ်
UPMP-02-0158,f2be6683d032497da0f7803ffe9c6b01,Hla Hla Soe,နော်လှလှစိုး
UPMP-02-0159,602110b2bc5744f79c61b595b30d4b70,Aye Bo,အေးဗိုလ်
UPMP-02-0160,4319ff59eab84dc887869c112bc0aab1,Kyaw Naing,ကျော်နိုင်
UPMP-02-0161,1117e0738be849088d302141ced96812,Htay Oo,ဌေးဦး
UPMP-02-0162,5c819e3f51bb44c4a27196407d1e52d8,Myat Nyanna Soe,မြတ်ဉာဏစိုး
UPMP-02-0163,1e9667a58d5144678b5e1001815bee7f,Than Soe,သန်းစိုး
UPMP-02-0164,86a2022280064e639d9f16ad630b027c,Ba Myo Thein,ဘမျိုးသိန်း
UPMP-02-0165,919f46e2cb2843b7bc3100b50af4874d,Aung Thu,အောင်သူ
UPMP-02-0166,a12df78589c7462ba661aef1424c17ff,Ye Myint Soe,ရဲမြင့်စိုး
UPMP-02-0167,17e40c6583c84eb3a75fb05f068d913f,Kyaw Htwe,ကျော်ထွေး
UPMP-02-0168,29540441e2944d1cbe3da62d74bf585d,Pe Chit,ဖေချစ်
